Team,MP,Win,Draw,Loss,GF,GA,GD,Points,Win_mean,Win_std_dev,Win_rms,Win_skewness,Win_kurtosis,Win_max_value,Win_min_value,Win_median,Win_iqr,Win_zero_crossing_rate,Win_dominant_frequency,Win_max_frequency_magnitude,Win_power_spectral_density,Win_total_power,Win_spectral_entropy,Win_centroid_frequency,Draw_mean,Draw_std_dev,Draw_rms,Draw_skewness,Draw_kurtosis,Draw_max_value,Draw_min_value,Draw_median,Draw_iqr,Draw_zero_crossing_rate,Draw_dominant_frequency,Draw_max_frequency_magnitude,Draw_power_spectral_density,Draw_total_power,Draw_spectral_entropy,Draw_centroid_frequency,Loss_mean,Loss_std_dev,Loss_rms,Loss_skewness,Loss_kurtosis,Loss_max_value,Loss_min_value,Loss_median,Loss_iqr,Loss_zero_crossing_rate,Loss_dominant_frequency,Loss_max_frequency_magnitude,Loss_power_spectral_density,Loss_total_power,Loss_spectral_entropy,Loss_centroid_frequency,GF_mean,GF_std_dev,GF_rms,GF_skewness,GF_kurtosis,GF_max_value,GF_min_value,GF_median,GF_iqr,GF_zero_crossing_rate,GF_dominant_frequency,GF_max_frequency_magnitude,GF_power_spectral_density,GF_total_power,GF_spectral_entropy,GF_centroid_frequency,GA_mean,GA_std_dev,GA_rms,GA_skewness,GA_kurtosis,GA_max_value,GA_min_value,GA_median,GA_iqr,GA_zero_crossing_rate,GA_dominant_frequency,GA_max_frequency_magnitude,GA_power_spectral_density,GA_total_power,GA_spectral_entropy,GA_centroid_frequency,GD_mean,GD_std_dev,GD_rms,GD_skewness,GD_kurtosis,GD_max_value,GD_min_value,GD_median,GD_iqr,GD_zero_crossing_rate,GD_dominant_frequency,GD_max_frequency_magnitude,GD_power_spectral_density,GD_total_power,GD_spectral_entropy,GD_centroid_frequency,Points_mean,Points_std_dev,Points_rms,Points_skewness,Points_kurtosis,Points_max_value,Points_min_value,Points_median,Points_iqr,Points_zero_crossing_rate,Points_dominant_frequency,Points_max_frequency_magnitude,Points_power_spectral_density,Points_total_power,Points_spectral_entropy,Points_centroid_frequency
Manchester City FC,12,9,1,2,32,12,20,28,24.1875,5.246650717362458,24.75,-0.3188699303038213,-0.930339821968933,32.0,15.0,25.0,7.5,0.0,0.0,387.0,9801.0,9801.0,1.7529670828029136,3.3850547062130767,6.5625,2.80554696093293,7.137051211810099,0.5027482664195765,-0.3421460633339284,13.0,2.0,5.5,4.0,0.0,0.0,105.0,815.0,815.0,2.2979101650024423,4.905256203445461,7.25,3.832427429188973,8.200609733428363,1.3074320102475374,1.5725124490719784,18.0,2.0,6.0,4.0,0.0,0.0,116.0,1076.0,1076.0,2.315356456636538,5.1867451260493205,81.875,17.663079431401535,83.7585816498823,-0.4471158787506899,-0.8771572057183783,106.0,45.0,83.0,26.25,0.0,0.0,1310.0,112248.0,112248.0,1.7751848874826006,3.4160830466740784,35.9375,8.073635720665132,36.83323906473608,0.5161996605259809,-0.37812791149038016,53.0,23.0,34.5,8.25,0.0,0.0,575.0,21707.0,21707.0,1.736914807020862,3.39201294770471,45.9375,24.22929206043792,51.935657307865085,-0.5781763641061053,-0.5426525339148163,79.0,-8.0,48.0,36.0,0.0625,0.0,735.0,43157.0,43157.0,2.33083426188805,5.19097557749281,79.125,13.909866102878201,80.33834700813803,-0.5168179010109333,-0.5102222179557048,100.0,50.0,80.0,19.0,0.0,0.0,1266.0,103268.0,103268.0,1.59603878881419,2.968435770658636
Liverpool FC,12,8,3,1,27,10,17,27,21.4375,5.171662571166066,22.052494190000367,0.5919134099544182,-0.7470520777223228,32.0,14.0,20.5,7.5,0.0,0.0,343.0,7781.0,7781.0,1.7792546853540463,3.5048783074620617,9.25,2.6339134382131846,9.617692030835672,-0.5181889598432562,-0.12515217920623334,13.0,3.0,9.5,3.5,0.0,0.0,148.0,1480.0,1480.0,1.9478767346680774,3.95931278858009,7.3125,4.149077457700687,8.407585860400118,0.08775643275110775,-1.222947340877183,14.0,1.0,7.5,6.5,0.0,0.0,117.0,1131.0,1131.0,2.3095433533869514,5.237539647203837,73.1875,14.604018068668637,74.6303390049918,0.08001152847191434,-0.760658888885537,101.0,47.0,73.0,21.75,0.0,0.0,1171.0,89115.0,89115.0,1.7671668608323863,3.329042286553468,38.4375,8.724740325648666,39.41525719819674,-0.3994737006886525,-1.07864499861484,50.0,22.0,41.0,13.0,0.0,0.0,615.0,24857.0,24857.0,1.840275794567013,3.5569871203658354,34.75,19.217505040977613,39.70988541912455,0.12665090305549553,-0.9784330123818168,68.0,4.0,32.0,27.0,0.0,0.0,556.0,25230.0,25230.0,2.3031129264079344,5.214403456828108,73.5625,14.079989124640687,74.89784709856485,0.38784549681069336,-1.0311631722805603,99.0,52.0,72.0,22.75,0.0,0.0,1177.0,89755.0,89755.0,1.5858326289173164,3.0100520661107173
Arsenal FC,12,8,3,1,26,10,16,27,21.0625,2.7492896809903464,21.241174637952582,-0.6426607124498509,0.7058534142579571,26.0,14.0,21.0,3.25,0.0,0.0,337.0,7219.0,7219.0,1.3883459192789815,2.4485789467636643,8.3125,2.822205476218909,8.77852493303972,0.24756811234361562,-0.7154354722441569,14.0,3.0,7.0,5.0,0.0,0.0,133.0,1233.0,1233.0,1.9737760495795444,4.15167207173626,8.625,2.7357585785299112,9.048480535426929,0.08413279461869089,-0.5074158498263168,13.0,3.0,8.5,3.0,0.0,0.0,138.0,1310.0,1310.0,1.9961722771075143,4.138024304069861,70.6875,8.424063375236443,71.18769205417465,-0.07611492482351757,-0.12250438612891434,88.0,55.0,72.0,6.75,0.0,0.0,1131.0,81083.0,81083.0,1.449792343379103,2.4796554111796176,42.1875,5.822571918834494,42.587410111440214,-0.03299999296400611,-1.0063662892662746,51.0,31.0,42.0,11.0,0.0,0.0,675.0,29019.0,29019.0,1.466939212923001,2.5951841203658903,28.5,10.246950765959598,30.286135441815617,-0.23944405361272936,-0.6351530612244898,45.0,8.0,29.0,12.25,0.0,0.0,456.0,14676.0,14676.0,2.1344342572822455,4.4549962151124065,71.5,7.202430145443967,71.86184662252981,-0.2564395508890254,-0.19394977500362875,84.0,56.0,71.5,6.25,0.0,0.0,1144.0,82626.0,82626.0,1.2129040259843282,2.0300163819901993
Tottenham Hotspur FC,12,8,2,2,24,15,9,26,19.25,3.6314597615834874,19.589538024159733,-0.42871796471064916,-0.06122953213090465,26.0,11.0,19.5,3.75,0.0,0.0,308.0,6140.0,6140.0,1.6726141215907826,3.135978251638196,8.4375,3.061224224064614,8.97566153550812,0.08032201614288524,-0.2928895098537825,14.0,2.0,8.0,2.75,0.0,0.0,135.0,1289.0,1289.0,2.1892310094058836,4.552219474693877,10.3125,3.0149367737980843,10.74418447347215,-0.36907986948956745,-0.7035434813642061,15.0,4.0,11.0,4.25,0.0,0.0,165.0,1847.0,1847.0,1.9264511010712337,3.9143482212865104,65.125,8.88731539892672,65.72860868754184,-0.05270406248543018,0.8583748499443802,86.0,45.0,66.5,8.75,0.0,0.0,1042.0,69124.0,69124.0,1.432093129970395,2.527526141197069,44.6875,9.081015568206015,45.60084977278384,0.2375647416655469,0.014706689820704444,63.0,26.0,45.0,8.25,0.0,0.0,715.0,33271.0,33271.0,1.7528525681671079,3.327011251072836,20.4375,15.33773430953868,25.552641742097823,0.8081287250907007,0.3896467925240863,60.0,0.0,21.5,21.75,0.125,0.0,327.0,10447.0,10447.0,2.4067557746772614,5.735874541023791,66.1875,9.362283041544941,66.84637237726517,-0.21934294535238466,0.20983468526655358,86.0,46.0,69.0,9.5,0.0,0.0,1059.0,71495.0,71495.0,1.41310772221205,2.5295867125444196
Aston Villa FC,12,8,1,3,29,17,12,25,12.153846153846153,4.347344969521474,12.907958189248392,-0.39644240484718735,-0.7172776993807659,18.0,3.0,12.0,6.0,0.0,0.0,158.0,2166.0000000000005,2166.0,1.8528157327207344,3.291204991350669,9.846153846153847,3.008862648555069,10.295630140987,0.8256152527004044,-0.033128283993336005,17.0,6.0,8.0,4.0,0.0,0.0,128.0,1377.9999999999998,1378.0,1.7507630920389297,3.018510139721007,16.0,5.1291024855906615,16.802014531230842,0.3557272268656292,-0.48122499230532423,27.0,8.0,15.0,7.0,0.0,0.0,208.0,3670.0000000000005,3670.0,1.5340465701303951,2.7980423756666037,46.53846153846154,11.125959834932027,47.84992564900582,0.18986811922149202,-0.06364863506246099,71.0,27.0,48.0,13.0,0.0,0.0,605.0,29765.0,29765.0,1.6170845379256635,2.6544192034230347,55.84615384615385,10.060173984167271,56.74504383644443,0.3553382221075697,-0.6347129616341478,76.0,39.0,54.0,13.0,0.0,0.0,726.0,41859.99999999999,41860.0,1.4297335682641814,2.243431964688867,-9.307692307692308,18.987382917589553,21.146012535554927,-0.3024331883591824,-0.6985254744993132,20.0,-49.0,-11.0,28.0,0.3076923076923077,1.0,151.87282621886655,5813.000000000002,5813.0,2.309412049901143,5.501136930191127,46.30769230769231,13.198977905560692,48.15200291384964,-0.424483595946904,-0.4267122918731858,64.0,17.0,45.0,22.0,0.0,0.0,602.0,30141.999999999996,30142.0,1.6451239522731231,2.8254717503332754
Manchester United FC,12,7,0,5,13,16,-3,21,22.4375,4.076897564325108,22.804878863962422,0.1315414080442394,-1.4766608717745489,28.0,16.0,22.0,8.0,0.0,0.0,359.0,8321.0,8321.0,1.597265593690781,2.9915672177728463,8.25,2.9895651857753496,8.774964387392123,0.5157800369414364,-0.6043327302068562,15.0,4.0,8.0,4.25,0.0,0.0,132.0,1232.0,1232.0,2.0987172486628136,4.4340137005081575,7.3125,2.591301555203485,7.75806032459145,0.45182372386322595,-1.0085838696348277,12.0,4.0,7.0,4.25,0.0,0.0,117.0,963.0,963.0,2.1465725463888656,4.469535235469581,68.9375,11.691175892526807,69.92183135473498,0.20983580103401125,-0.9955839014004786,89.0,49.0,67.0,17.5,0.0,0.0,1103.0,78225.0,78225.0,1.5776840440032553,2.896383400702232,37.0625,9.640207142484025,38.29572430441811,0.41928517334602056,-0.5037377983017279,57.0,22.0,36.5,14.25,0.0,0.0,593.0,23465.0,23465.0,1.8807803624648438,3.7392856917317823,31.875,17.043602172076184,36.145539143855636,0.0024356366410684723,-0.9686547148152624,58.0,0.0,29.5,23.75,0.125,0.0,510.0,20904.0,20904.0,2.3565017020625803,5.239187697187576,75.5625,10.099311548318529,76.23442463874179,0.024406707460736584,-1.342600693218347,90.0,58.0,74.5,19.5,0.0,0.0,1209.0,92987.0,92987.0,1.4109865660868357,2.491078587933873
Newcastle United FC,12,6,2,4,27,13,14,20,12.285714285714286,3.2607749172895217,12.711075036023844,0.8695728130158543,0.19357429422968497,19.0,7.0,11.5,1.75,0.0,0.0,172.0,2261.9999999999995,2262.0,1.880466101081153,3.3246591106917394,9.714285714285714,2.4619554199448697,10.021405661311762,-0.24382594234872088,0.23936333027242007,14.0,4.0,9.5,2.5,0.0,0.0,136.0,1405.9999999999995,1406.0,1.8212816330609758,3.201523217183604,16.0,3.760699023168052,16.43602315473111,-1.7968935338736853,2.5858585858585856,19.0,5.0,17.0,3.5,0.0,0.0,224.0,3781.9999999999995,3782.0,1.7368565899734878,3.027533185389569,46.142857142857146,8.034364966079352,46.8371037289272,1.4963499006220111,1.4123419009854379,68.0,38.0,44.0,5.25,0.0,0.0,646.0,30712.000000000004,30712.0,1.580032477375621,2.5918602972349003,56.92857142857143,9.011613821811796,57.63741344449305,-1.2383281953750545,1.0224097299299402,68.0,33.0,59.0,10.25,0.0,0.0,797.0,46509.0,46509.0,1.5419057832932066,2.4772430393782088,-10.785714285714286,15.161881580503936,18.606834381868552,1.916043281721903,3.1432004343277455,35.0,-23.0,-17.0,13.5,0.21428571428571427,0.0,151.0,4847.0,4847.0,2.4851033359097583,5.764518731681343,46.57142857142857,9.700620640779977,47.57099956906519,1.3542338290609834,1.1090065382108687,71.0,34.0,44.5,6.75,0.0,0.0,652.0,31682.0,31682.0,1.7322554449066894,2.925770573256734
Brighton & Hove Albion FC,12,5,4,3,25,21,4,19,11.0,3.3166247903554,11.489125293076057,1.4253263561857916,0.39669421487603307,18.0,9.0,9.0,2.25,0.0,0.0,66.0,792.0,792.0,1.3020494039474582,1.1919098736351266,12.166666666666666,2.6718699236468995,12.45659129403653,-0.5980548524761271,-1.399233902102985,15.0,8.0,13.5,4.0,0.0,0.0,73.0,931.0,931.0,1.1126029076300976,0.9478587045834187,14.833333333333334,2.9107081994288304,15.116216457830975,0.4085160575301557,-0.6900725611394796,20.0,11.0,15.0,3.0,0.0,0.0,89.0,1371.0,1371.0,1.0218813476988167,0.8514707649881372,43.666666666666664,12.970050972229146,45.552167895721496,1.6068586958068307,0.884089318714457,72.0,34.0,39.5,5.5,0.0,0.0,262.0,12450.0,12450.0,1.3142548966054772,1.196719440802465,51.833333333333336,5.367080729368206,52.11045960265559,-0.12133924884611816,-1.108458584913643,60.0,44.0,53.5,6.25,0.0,0.0,311.0,16293.0,16293.0,0.6881018273948787,0.49812722698014195,-8.166666666666666,14.438567180375697,16.58814837969165,0.7501807067986384,-0.5140939395943454,19.0,-25.0,-10.5,15.75,0.16666666666666666,1.0,50.08991914547278,1651.0,1651.0,1.753692826255886,2.375011754404023,45.166666666666664,8.782874750836932,46.0126794119476,0.9632345935999372,-0.4839965201059311,62.0,36.0,41.0,8.25,0.0,0.0,271.0,12703.0,12703.0,1.0323183077658928,0.8598359924533271
West Ham United FC,12,5,2,5,21,22,-1,17,12.4,3.094080369565945,12.780193008453876,0.28520631272602925,-0.3922106439273443,19.0,7.0,12.0,4.0,0.0,0.0,186.0,2450.0,2450.0,1.9098358152567332,3.5295846283483945,9.6,2.0264912204760885,9.811557810392122,0.45565291082765874,-0.630207454882779,14.0,7.0,9.0,3.0,0.0,0.0,144.0,1444.0,1444.0,1.8254629595011176,3.2695654746638185,16.0,3.22490309931942,16.321764610482532,-0.8706284254819439,0.38757396449704107,20.0,8.0,16.0,4.0,0.0,0.0,240.0,3996.0,3996.0,1.6508839948427791,2.978461138401566,48.53333333333333,7.597075460699041,49.12433205652775,1.0163462020961171,-0.2753846866896823,65.0,40.0,47.0,8.0,0.0,0.0,728.0,36197.99999999999,36198.0,1.4514110982561998,2.511141411593004,55.666666666666664,7.930251502246879,56.22869967077904,0.4992585885637112,-1.1472998788847395,70.0,45.0,53.0,12.5,0.0,0.0,835.0,47425.0,47425.0,1.4164258800993725,2.387513023489495,-7.133333333333334,11.921222905203793,13.892443989449804,0.4575134447073566,-0.6129538085826063,15.0,-27.0,-8.0,12.0,0.26666666666666666,0.0,107.0,2894.9999999999995,2895.0,2.5355938798745985,6.355395949608212,46.8,8.968091584426794,47.65151274268915,0.46704045102916475,-0.5727945651485626,65.0,33.0,46.0,11.5,0.0,0.0,702.0,34060.0,34060.0,1.7017526293665184,3.0061947119917005
Chelsea FC,12,4,4,4,21,16,5,16,21.5,4.886205071423016,22.04824256034934,-0.5770064265697309,0.014171760642526454,30.0,11.0,21.0,5.25,0.0,0.0,344.0,7778.0,7778.0,1.8681389218772155,3.5927482532120614,8.5625,2.5487435630129602,8.933784192602818,-0.16323348283150974,0.1567135009106626,14.0,3.0,9.0,3.0,0.0,0.0,137.0,1277.0,1277.0,2.0345839686145393,4.117746721860555,7.9375,3.4181272284688293,8.642193008721803,0.5697469029199945,-0.16605148108987633,16.0,3.0,7.5,4.25,0.0,0.0,127.0,1195.0,1195.0,2.263803074212118,4.85445784277841,68.6875,13.265174094221305,69.95668302599832,0.3711372065806152,1.7916896104225009,103.0,38.0,68.5,10.75,0.0,0.0,1099.0,78303.0,78303.0,1.7271854370917603,3.2397983482422146,37.0,8.74642784226795,38.019731719200756,0.5402765884881652,-0.6411636550044855,54.0,24.0,34.5,8.75,0.0,0.0,592.0,23128.0,23128.0,1.9524920070237837,3.7650814161215473,31.6875,18.596769712775387,36.741495614631695,-0.1665329198702132,0.0973651119230583,71.0,-9.0,36.0,22.0,0.0625,0.0,507.0,21599.0,21599.0,2.336316026788615,5.3291428967089045,73.0625,12.85723896293446,74.18515687116931,-0.6460197108753721,-0.10176191738507612,93.0,44.0,73.0,16.75,0.0,0.0,1169.0,88055.0,88055.0,1.6752503063453235,3.079963677588459
Brentford FC,12,4,4,4,19,17,2,16,14.0,1.0,14.035668847618199,0.0,-2.0,15.0,13.0,14.0,1.0,0.0,0.0,28.0,394.0,394.0,0.24493002679463532,0.06666666666666667,10.5,3.5,11.067971810589327,0.0,-2.0,14.0,7.0,10.5,3.5,0.0,0.0,21.0,245.0,245.0,0.5623351446188083,0.25,13.5,4.5,14.230249470757707,0.0,-2.0,18.0,9.0,13.5,4.5,0.0,0.0,27.0,405.0,405.0,0.5623351446188083,0.25,53.0,5.0,53.23532661682466,0.0,-2.0,58.0,48.0,53.0,5.0,0.0,0.0,106.0,5668.0,5668.0,0.2936729936424028,0.08620689655172414,51.0,5.0,51.24451190127583,0.0,-2.0,56.0,46.0,51.0,5.0,0.0,0.0,102.0,5252.0,5252.0,0.30088210446530783,0.08928571428571429,2.0,10.0,10.198039027185569,0.0,-2.0,12.0,-8.0,2.0,10.0,0.5,1.0,20.0,208.0,208.0,0.45056120886630463,0.8333333333333334,52.5,6.5,52.90085065478626,0.0,-2.0,59.0,46.0,52.5,6.5,0.0,0.0,105.0,5597.0,5597.0,0.3468695531644789,0.11016949152542373
Crystal Palace FC,12,4,3,5,12,16,-4,15,11.9,1.0440306508910548,11.945710527214361,0.7275964808835893,-0.8405016412759871,14.0,11.0,11.5,1.75,0.0,0.0,119.0,1426.9999999999998,1427.0,0.8892048145273455,0.9620542786714156,9.2,2.8213471959331766,9.622889378975527,0.4638006677994246,-0.402919118204085,15.0,5.0,9.0,3.5,0.0,0.0,92.0,925.9999999999998,926.0,1.7336974981655615,2.3827002640945887,16.9,2.3,17.055790805471318,-0.37083915509163945,0.2010212942349403,21.0,12.0,17.0,2.0,0.0,0.0,169.0,2909.0000000000005,2909.0,1.17104848287079,1.3756448181250427,42.7,6.738694235532579,43.22846284567611,-0.37517143736236674,-1.1263442754388175,51.0,31.0,43.0,10.0,0.0,0.0,427.0,18686.999999999996,18687.0,1.2951459068872557,1.5631460589772466,53.2,6.161168720299745,53.555578607648336,1.027099754299852,-0.22691069630169425,66.0,46.0,51.0,5.25,0.0,0.0,532.0,28682.000000000007,28682.0,1.0955577389777738,1.2446251481227484,-10.5,7.990619500389191,13.19469590403659,0.03292819533019611,-0.5202593441338199,4.0,-25.0,-11.0,9.25,0.2,0.0,105.0,1741.0,1741.0,1.9463977528090313,3.297673483281276,44.9,2.5475478405713994,44.972213643537714,0.22064179625415267,-1.139375262641826,49.0,41.0,44.5,4.0,0.0,0.0,449.0,20224.999999999996,20225.0,0.6861497901996383,0.6804053029708972
Wolverhampton Wanderers FC,12,4,3,5,16,20,-4,15,11.75,3.418698582794336,12.237238250520416,-0.5748505152229315,-0.5446538362549687,16.0,5.0,11.5,4.5,0.0,0.0,94.0,1198.0,1198.0,1.4708689268860153,1.6821262236755354,9.25,2.331844763272204,9.539392014169456,0.6432675209026769,-0.21640903686087976,14.0,6.0,9.0,2.5,0.0,0.0,74.0,728.0,728.0,1.4218110509448498,1.571078891377606,17.0,4.031128874149275,17.471405209656147,-0.6182654462600544,-0.2799999999999998,23.0,9.0,17.5,3.25,0.0,0.0,136.0,2442.0,2442.0,1.3289994284096127,1.4653535234576072,40.125,6.808771915698161,40.69858719906626,0.17341425648142977,-1.3125472206403912,51.0,31.0,39.0,11.25,0.0,0.0,321.0,13251.0,13251.0,1.0401319347123636,1.0867091532013955,55.375,12.83488897497754,56.842985495133874,0.809940732930678,-0.22474972729259868,82.0,40.0,54.0,14.75,0.0,0.0,443.0,25849.0,25849.0,1.2920839967492168,1.431335188169167,-15.25,15.85678088389948,22.0,0.060031198826872814,-0.8388518442520012,11.0,-42.0,-18.0,21.25,0.25,0.0,122.0,3871.999999999999,3872.0,1.8806821929969526,2.8588515218405472,44.5,10.392304845413264,45.69737410398983,-0.2836634135080974,-0.6708301183127574,59.0,25.0,43.0,13.0,0.0,0.0,356.0,16706.0,16706.0,1.352972557724913,1.4773801576311258
Nottingham Forest FC,12,3,4,5,14,18,-4,13,9.0,0.0,9.0,,,9.0,9.0,9.0,0.0,0.0,0.0,9.0,81.0,81.0,0.0,0.0,11.0,0.0,11.0,,,11.0,11.0,11.0,0.0,0.0,0.0,11.0,121.0,121.0,0.0,0.0,18.0,0.0,18.0,,,18.0,18.0,18.0,0.0,0.0,0.0,18.0,324.0,324.0,0.0,0.0,38.0,0.0,38.0,,,38.0,38.0,38.0,0.0,0.0,0.0,38.0,1444.0,1444.0,0.0,0.0,68.0,0.0,68.0,,,68.0,68.0,68.0,0.0,0.0,0.0,68.0,4624.0,4624.0,0.0,0.0,-30.0,0.0,30.0,,,-30.0,-30.0,-30.0,0.0,0.0,0.0,30.0,900.0,900.0,0.0,0.0,38.0,0.0,38.0,,,38.0,38.0,38.0,0.0,0.0,0.0,38.0,1444.0,1444.0,0.0,0.0
Fulham FC,12,3,3,6,10,20,-10,12,10.6,3.1368774282716245,11.054410884348384,-0.25036548976389594,-1.0897283363077535,15.0,5.0,11.0,5.25,0.0,0.0,106.0,1222.0,1222.0,1.6604841228381955,2.278771329825421,9.9,3.3,10.435516278555651,0.02137073211453338,-0.7051279132421131,16.0,5.0,10.0,4.0,0.0,0.0,99.0,1089.0,1089.0,1.6366316077879388,2.3405546101634442,17.5,4.4777226354476225,18.063775906493085,0.5446748138964029,-0.6617993669193605,26.0,11.0,16.5,5.0,0.0,0.0,175.0,3263.0000000000005,3263.0,1.4572987291255437,1.9620070260424434,41.9,8.030566605165541,42.66263001738172,-0.10649340189825042,-0.8059492083129145,55.0,27.0,39.5,10.5,0.0,0.0,419.0,18201.000000000004,18201.0,1.4276838905650582,1.7901502097785686,56.6,15.134067529914091,58.58839475527555,0.6344827823192895,-0.49464935513005237,85.0,34.0,53.0,12.75,0.0,0.0,566.0,34326.0,34326.0,1.526299665161374,2.0610399229298157,-14.7,18.590589017026865,23.700210969525145,-0.6227731967751791,-1.0030962079728227,6.0,-47.0,-8.5,25.75,0.5,0.0,147.0,5617.0,5617.0,2.136740316955971,3.8599319039662676,41.7,9.869650449737316,42.85207112847639,-0.35781469906440105,-1.441380476231532,53.0,26.0,44.5,18.25,0.0,0.0,417.0,18363.0,18363.0,1.499242716861158,1.970390887983236
AFC Bournemouth,12,2,3,7,11,27,-16,9,11.166666666666666,1.2133516482134197,11.232393630329497,-0.32137188546485596,-0.3994304022783921,13.0,9.0,11.0,0.75,0.0,0.0,67.0,757.0,757.0,0.7803882612375399,0.5660851841671789,8.166666666666666,1.950783318453271,8.396427811873332,0.16962429408683208,-1.594224519153924,11.0,6.0,8.0,3.5,0.0,0.0,49.0,423.0,423.0,1.1065285121701083,0.9702357889647735,18.666666666666668,2.2852182001336816,18.806027402582043,0.16138254378490302,-1.4449977365323678,22.0,16.0,18.5,4.0,0.0,0.0,112.0,2122.0,2122.0,0.5996548010171293,0.47912969830380747,46.333333333333336,7.06320670013903,46.86861067566081,0.2281866917227856,-1.4211834266695105,56.0,37.0,45.0,11.25,0.0,0.0,278.0,13180.0,13180.0,0.9716351476230647,0.7593462723970987,66.83333333333333,3.2871804872193366,66.91412406958638,-0.4718284982415086,-0.7572907924214118,71.0,61.0,67.0,3.75,0.0,0.0,401.0,26865.0,26865.0,0.4424336267436131,0.27272522538875704,-20.5,7.522189397597839,21.836513763266638,-0.6167320460201984,-0.8633375339720333,-12.0,-34.0,-19.0,9.75,0.0,0.0,123.0,2861.0,2861.0,1.2715938406011662,1.2487749470888807,41.666666666666664,4.109609335312651,41.86884283091664,-0.8127079749412857,-0.6562500000000018,46.0,34.0,43.0,5.0,0.0,0.0,250.0,10518.0,10518.0,0.7208973715788753,0.5134882057788754
Luton Town FC,12,1,3,8,10,22,-12,6,,,,,,,,,,,,,,,,,,,,,,,,,,,,,,,,,,,,,,,,,,,,,,,,,,,,,,,,,,,,,,,,,,,,,,,,,,,,,,,,,,,,,,,,,,,,,,,,,,,,,,,,,,,,,,,,
Sheffield United FC,12,1,2,9,10,31,-21,5,10.5,3.5,11.067971810589327,0.0,-2.0,14.0,7.0,10.5,3.5,0.0,0.0,21.0,245.0,245.0,0.5623351446188083,0.25,7.0,5.0,8.602325267042627,0.0,-2.0,12.0,2.0,7.0,5.0,0.0,0.0,14.0,148.0,148.0,0.6791932659915256,0.4166666666666667,20.5,8.5,22.192341021172147,0.0,-2.0,29.0,12.0,20.5,8.5,0.0,0.0,41.0,985.0,985.0,0.6049071211700006,0.29310344827586204,29.5,9.5,30.99193443462347,0.0,-2.0,39.0,20.0,29.5,9.5,0.0,0.0,59.0,1921.0,1921.0,0.5551825472716454,0.24358974358974358,51.0,12.0,52.392747589718944,0.0,-2.0,63.0,39.0,51.0,12.0,0.0,0.0,102.0,5490.0,5490.0,0.48691270946460224,0.19047619047619047,-21.5,21.5,30.405591591021544,0.0,-2.0,0.0,-43.0,-21.5,21.5,0.5,0.0,43.0,1849.0,1849.0,0.6931471805599453,0.5,38.5,15.5,41.50301193889427,0.0,-2.0,54.0,23.0,38.5,15.5,0.0,0.0,77.0,3445.0,3445.0,0.5994773306263198,0.28703703703703703
Everton FC,12,4,2,6,14,17,-3,4,14.625,3.2185982973959333,14.974979131871937,-0.05377400566481197,-0.40208021948772554,21.0,8.0,15.0,4.25,0.0,0.0,234.0,3588.0,3588.0,1.8442944994572201,3.5365930200965625,10.8125,2.5054627816034305,11.098986440211556,0.09379007989050968,-0.7326897839996067,15.0,6.0,10.5,3.25,0.0,0.0,173.0,1971.0,1971.0,1.869164968757077,3.6109799281263517,12.5625,3.6223050327105253,13.074306864992883,0.5600348754844409,-0.16090128044424112,21.0,7.0,12.5,5.25,0.0,0.0,201.0,2735.0,2735.0,1.9899610337477778,3.9992288785579904,51.375,7.490619133289317,51.91820489963034,-0.5089908555969762,-0.35408720445874753,62.0,34.0,52.5,9.75,0.0,0.0,822.0,43128.0,43128.0,1.5587585323507347,2.7719824544286618,47.6875,8.67985274932703,48.47099648243267,0.2864933774306938,-0.6715546904639913,66.0,33.0,47.0,15.25,0.0,0.0,763.0,37591.0,37591.0,1.7201520205925958,3.1805945203684836,3.6875,14.498787664835982,14.960364300377181,-0.5611987923234146,-0.8720872641809736,22.0,-23.0,7.0,20.25,0.3125,1.0,95.15013102165085,3581.0,3581.0,2.702695014981136,7.475391047239687,54.6875,9.432117670491605,55.494932201057786,-0.2714159780236914,-0.58507843517636,72.0,36.0,55.0,13.0,0.0,0.0,875.0,49275.0,49275.0,1.662439581985279,3.0635007565257304
Burnley FC,12,1,1,10,9,30,-21,4,10.375,2.8256636388643286,10.752906583803284,0.3142499916614141,-1.1924203721646287,15.0,7.0,10.5,4.0,0.0,0.0,83.0,925.0,925.0,1.3155722189470307,1.5090644726309583,9.5,2.692582403567252,9.874208829065749,0.30735780112063754,-1.2960760998810938,14.0,6.0,9.0,5.0,0.0,0.0,76.0,780.0,780.0,1.3152723557075192,1.5065243662946968,18.125,3.515590277606308,18.462800437636755,-0.241924007589518,-0.6139965893162809,24.0,12.0,19.0,3.75,0.0,0.0,145.0,2727.0,2727.0,1.14010848910753,1.2047934066592514,37.5,5.408326913195984,37.887992820945264,-0.2465334205445463,-1.0707867630944554,45.0,28.0,37.5,8.5,0.0,0.0,300.0,11484.0,11484.0,1.1240889021437577,1.1022657987956708,56.875,12.035754027064527,58.134542227491565,0.7937801680374794,0.0893076591932882,82.0,39.0,54.0,6.0,0.0,0.0,455.0,27037.0,27037.0,1.1985353747487486,1.2970520017880456,-19.375,10.664631967395781,22.116170554596472,-0.27752602074744454,-0.31688465168087765,-3.0,-40.0,-20.5,9.75,0.0,0.0,155.0,3913.0,3913.0,1.7178017323357402,2.272480784581148,40.625,8.395497305103492,41.48343042709944,0.6252163806059373,-0.9585352605648176,54.0,30.0,39.5,9.0,0.0,0.0,325.0,13767.0,13767.0,1.229762984333417,1.3134836711356905
